name,latitude,longitude,discussion,scan3d
Diableaux n°2 (Gouffre des),48.007886,1.886815,https://discord.com/channels/1312020169643790376/1417157618585047192,https://skfb.ly/pAZOO
Fosses Guillaume n°1 (Gouffre des),47.967718,1.890084,https://discord.com/channels/1312020169643790376/1452774250581725287,https://skfb.ly/pEOQC
Fosses Guillaume n°2 (Gouffre des),47.966582,1.892815,https://discord.com/channels/1312020169643790376/1441804391739818105,https://skfb.ly/pDJyP
Fosses Guillaume n°3 (Gouffre des),47.966543,1.893153,https://discord.com/channels/1312020169643790376/1441805195792220180,https://skfb.ly/pDJyP
Fosses Guillaume n°4 (Gouffre des),47.9665,1.893578,,https://skfb.ly/pDJyP
Jeanne d'Arc n°1 (Gouffre),48.010715,1.999285,https://discord.com/channels/1312020169643790376/1423245332313014332,https://skfb.ly/pBCIo
Jeanne d'Arc n°2 (Gouffre),48.011627,1.999313,https://discord.com/channels/1312020169643790376/1423246166023475252,https://skfb.ly/pBCID
Mézières n°2 (Gouffre des),48.012704,1.884815,https://discord.com/channels/1312020169643790376/1417126341408723004,https://skfb.ly/pDGKC
Renard (Gouffre du),48.008098,1.883377,https://discord.com/channels/1312020169643790376/1417910300811984897,https://skfb.ly/pBpqw
Renard (Perte du),48.008305,1.883485,https://discord.com/channels/1312020169643790376/1417910300811984897,https://skfb.ly/pBprS